-- 1. LIMPEZA TOTAL (Respeitando as restrições de chave estrangeira)
DELETE FROM empresa_setor;
DELETE FROM estudante_avaliacao;
DELETE FROM empresa;
DELETE FROM empresa_media;
DELETE FROM estudante;

-- 2. ESTUDANTES
INSERT INTO estudante (id, uuid, nome, `user`, email, senha, foto_url, created_at) VALUES (1, 'user-gus', 'Gus Balbino', 'guss_dev', 'gus@teste.com', '123', 'https://github.com/balbinogus.png', NOW());
INSERT INTO estudante (id, uuid, nome, `user`, email, senha, foto_url, created_at) VALUES (2, 'user-ana', 'Ana Silva', 'ana_tech', 'ana@teste.com', '123', 'https://ui-avatars.com/api/?name=Ana+Silva', NOW());
INSERT INTO estudante (id, uuid, nome, `user`, email, senha, foto_url, created_at) VALUES (5, 'user-diego', 'Diego Oliveira', 'diego_dev', 'diego@teste.com', '123', 'https://ui-avatars.com/api/?name=Diego+Oliveira', NOW());
INSERT INTO estudante (id, uuid, nome, `user`, email, senha, foto_url, created_at) VALUES (6, 'user-fernanda', 'Fernanda Lima', 'fer_qa', 'fer@teste.com', '123', 'https://ui-avatars.com/api/?name=Fernanda+Lima', NOW());
INSERT INTO estudante (id, uuid, nome, `user`, email, senha, foto_url, created_at) VALUES (7, 'user-gabriel', 'Gabriel Santos', 'gabs_data', 'gabriel@teste.com', '123', 'https://ui-avatars.com/api/?name=Gabriel+Santos', NOW());

-- 3. MÉDIAS DAS EMPRESAS
INSERT INTO empresa_media (id, media_ambiente, media_aprendizado, media_beneficios, media_cultura, media_efetivacao, media_entrevista, media_feedback, media_infraestrutura, media_integracao, media_remuneracao, media_rotina, media_lideranca, media_geral, salario_min_piso, salario_max_teto, salario_base_medio, created_at) VALUES (1, 4.50, 5.00, 4.20, 4.80, 4.00, 4.50, 4.30, 4.70, 4.60, 4.10, 4.40, 4.50, 4.47, 3000.00, 7500.00, 5250.00, NOW());
INSERT INTO empresa_media (id, media_ambiente, media_aprendizado, media_beneficios, media_cultura, media_efetivacao, media_entrevista, media_feedback, media_infraestrutura, media_integracao, media_remuneracao, media_rotina, media_lideranca, media_geral, salario_min_piso, salario_max_teto, salario_base_medio, created_at) VALUES (7, 5.00, 5.00, 5.00, 5.00, 5.00, 5.00, 5.00, 5.00, 5.00, 5.00, 5.00, 5.00, 5.00, 10000.00, 18000.00, 14000.00, NOW());
INSERT INTO empresa_media (id, media_ambiente, media_aprendizado, media_beneficios, media_cultura, media_efetivacao, media_entrevista, media_feedback, media_infraestrutura, media_integracao, media_remuneracao, media_rotina, media_lideranca, media_geral, salario_min_piso, salario_max_teto, salario_base_medio, created_at) VALUES (8, 1.00, 1.00, 1.00, 1.00, 1.00, 1.00, 1.00, 1.00, 1.00, 1.00, 1.00, 1.00, 1.00, 1500.00, 3000.00, 2250.00, NOW());
INSERT INTO empresa_media (id, media_ambiente, media_aprendizado, media_beneficios, media_cultura, media_efetivacao, media_entrevista, media_feedback, media_infraestrutura, media_integracao, media_remuneracao, media_rotina, media_lideranca, media_geral, salario_min_piso, salario_max_teto, salario_base_medio, created_at) VALUES (11, 4.20, 4.50, 4.00, 4.60, 4.30, 4.10, 4.00, 4.40, 4.50, 3.90, 3.80, 4.20, 4.21, 2800.00, 6000.00, 4400.00, NOW());
INSERT INTO empresa_media (id, media_ambiente, media_aprendizado, media_beneficios, media_cultura, media_efetivacao, media_entrevista, media_feedback, media_infraestrutura, media_integracao, media_remuneracao, media_rotina, media_lideranca, media_geral, salario_min_piso, salario_max_teto, salario_base_medio, created_at) VALUES (12, 3.50, 4.80, 4.90, 3.00, 4.50, 4.20, 3.50, 4.90, 3.80, 5.00, 1.50, 3.00, 3.88, 5000.00, 13000.00, 9000.00, NOW());
INSERT INTO empresa_media (id, media_ambiente, media_aprendizado, media_beneficios, media_cultura, media_efetivacao, media_entrevista, media_feedback, media_infraestrutura, media_integracao, media_remuneracao, media_rotina, media_lideranca, media_geral, salario_min_piso, salario_max_teto, salario_base_medio, created_at) VALUES (14, 4.90, 5.00, 2.00, 5.00, 3.00, 4.80, 4.90, 3.50, 5.00, 2.50, 4.50, 4.80, 4.16, 4000.00, 9000.00, 6500.00, NOW());
INSERT INTO empresa_media (id, media_ambiente, media_aprendizado, media_beneficios, media_cultura, media_efetivacao, media_entrevista, media_feedback, media_infraestrutura, media_integracao, media_remuneracao, media_rotina, media_lideranca, media_geral, salario_min_piso, salario_max_teto, salario_base_medio, created_at) VALUES (15, 2.10, 2.50, 2.00, 1.80, 2.20, 3.00, 1.50, 2.50, 2.00, 2.80, 1.20, 1.50, 2.09, 1800.00, 3200.00, 2500.00, NOW());
INSERT INTO empresa_media (id, media_ambiente, media_aprendizado, media_beneficios, media_cultura, media_efetivacao, media_entrevista, media_feedback, media_infraestrutura, media_integracao, media_remuneracao, media_rotina, media_lideranca, media_geral, salario_min_piso, salario_max_teto, salario_base_medio, created_at) VALUES (16, 4.30, 4.60, 5.00, 4.20, 4.50, 4.10, 3.90, 4.90, 4.40, 4.80, 3.20, 4.10, 4.33, 4500.00, 10000.00, 7250.00, NOW());

-- 4. EMPRESAS
INSERT INTO empresa (id, uuid, nome_fantasia, cnpj, `user`, email, senha, id_empresa_media, biografia, pais_origem, receita_anual, data_fundacao, tamanho_empresa, estado_sede, media_salarial, area_atuacao, link_site, link_linkedin, link_gupy, created_at) VALUES (1, 'uuid-1', 'GFT Technologies', '12345678000199', 'gft', 'rh@gft.com', '123', 1, 'Líder em tecnologia.', 'Alemanha', 'R$500 milhões', '1987-03-01', '5001-10000', 'SP', 6000.00, 'Tecnologia', 'https://gft.com', 'li/gft', 'gupy/gft', NOW());
INSERT INTO empresa (id, uuid, nome_fantasia, cnpj, `user`, email, senha, id_empresa_media, biografia, pais_origem, receita_anual, data_fundacao, tamanho_empresa, estado_sede, media_salarial, area_atuacao, link_site, link_linkedin, link_gupy, created_at) VALUES (7, 'uuid-7', 'Unicórnio Global', '00000000000100', 'unicorn', 'jobs@unicorn.io', '123', 7, 'Melhor lugar do mundo.', 'EUA', 'R$500 milhões', '2010-01-01', '50001-100000', 'SP', 15000.00, 'Tecnologia', 'https://unicorn.io', 'li/unicorn', 'gupy/unicorn', NOW());
INSERT INTO empresa (id, uuid, nome_fantasia, cnpj, `user`, email, senha, id_empresa_media, biografia, pais_origem, receita_anual, data_fundacao, tamanho_empresa, estado_sede, media_salarial, area_atuacao, link_site, link_linkedin, link_gupy, created_at) VALUES (8, 'uuid-8', 'Fábrica de Software X', '99999999000199', 'fabrica_x', 'rh@fabricax.com', '123', 8, 'Apenas entregue o código.', 'Brasil', 'R$1 milhão', '2000-01-01', '501-1000', 'RJ', 2500.00, 'Tecnologia', 'https://fabricax.com', 'li/fabricax', 'gupy/fabricax', NOW());
INSERT INTO empresa (id, uuid, nome_fantasia, cnpj, `user`, email, senha, id_empresa_media, biografia, pais_origem, receita_anual, data_fundacao, tamanho_empresa, estado_sede, media_salarial, area_atuacao, link_site, link_linkedin, link_gupy, created_at) VALUES (11, 'uuid-11', 'Magazine Luiza', '11111111000111', 'magalu', 'talentos@magalu.com', '123', 11, 'Vem ser feliz.', 'Brasil', 'R$500 milhões', '1957-11-16', '10001-50000', 'SP', 4000.00, 'Varejo', 'https://magalu.com', 'li/magalu', 'gupy/magalu', NOW());
INSERT INTO empresa (id, uuid, nome_fantasia, cnpj, `user`, email, senha, id_empresa_media, biografia, pais_origem, receita_anual, data_fundacao, tamanho_empresa, estado_sede, media_salarial, area_atuacao, link_site, link_linkedin, link_gupy, created_at) VALUES (12, 'uuid-12', 'XP Inc', '22222222000122', 'xpinc', 'carreiras@xp.com', '123', 12, 'Transformando o mercado.', 'Brasil', 'R$500 milhões', '2001-05-04', '5001-10000', 'SP', 9000.00, 'Finanças', 'https://xpinc.com', 'li/xpinc', 'gupy/xpinc', NOW());
INSERT INTO empresa (id, uuid, nome_fantasia, cnpj, `user`, email, senha, id_empresa_media, biografia, pais_origem, receita_anual, data_fundacao, tamanho_empresa, estado_sede, media_salarial, area_atuacao, link_site, link_linkedin, link_gupy, created_at) VALUES (14, 'uuid-14', 'Flow State Tech', '44444444000144', 'flowstate', 'hi@flow.tech', '123', 14, 'Cultura em primeiro lugar.', 'Brasil', 'R$10 milhões', '2020-01-01', '101-500', 'SC', 5000.00, 'Tecnologia', 'https://flow.tech', 'li/flow', 'gupy/flow', NOW());
INSERT INTO empresa (id, uuid, nome_fantasia, cnpj, `user`, email, senha, id_empresa_media, biografia, pais_origem, receita_anual, data_fundacao, tamanho_empresa, estado_sede, media_salarial, area_atuacao, link_site, link_linkedin, link_gupy, created_at) VALUES (15, 'uuid-15', 'Old School Outsourcing', '55555555000155', 'oldschool', 'rh@oldschool.com', '123', 15, 'Tradição em entregas.', 'Brasil', 'R$50 milhões', '1995-01-01', '1001-5000', 'PR', 3000.00, 'Tecnologia', 'https://oldschool.com', 'li/oldschool', 'gupy/oldschool', NOW());
INSERT INTO empresa (id, uuid, nome_fantasia, cnpj, `user`, email, senha, id_empresa_media, biografia, pais_origem, receita_anual, data_fundacao, tamanho_empresa, estado_sede, media_salarial, area_atuacao, link_site, link_linkedin, link_gupy, created_at) VALUES (16, 'uuid-16', 'Itaú Unibanco', '60701190000104', 'itau', 'carreiras@itau.com.br', '123', 16, 'O maior banco privado do Brasil.', 'Brasil', 'R$500 milhões', '1924-12-30', '50001-100000', 'SP', 5500.00, 'Finanças', 'https://itau.com.br', 'li/itau', 'gupy/itau', NOW());

-- 5. AVALIAÇÕES (Setores baseados no seu DataLoader: 4=Financeiro, 8=TI, 2=Comercial)
INSERT INTO estudante_avaliacao (uuid, id_estudante, id_empresa, id_setor, estado_atuacao, modelo_trabalho, data_inicio, titulo_cargo, texto_avaliacao, salario_min, salario_max, anonima, ambiente, aprendizado, beneficios, cultura, efetivacao, entrevista, feedback, infraestrutura, integracao, remuneracao, rotina, lideranca, created_at) VALUES ('aval-1', 1, 1, 8, 'SP', 'Híbrido', '2023-01-01', 'Estagiário Java', 'Experiência fantástica no Start.', 2500, 3000, false, 5, 5, 4, 5, 5, 4, 5, 5, 5, 4, 4, 5, NOW());
INSERT INTO estudante_avaliacao (uuid, id_estudante, id_empresa, id_setor, estado_atuacao, modelo_trabalho, data_inicio, titulo_cargo, texto_avaliacao, salario_min, salario_max, anonima, ambiente, aprendizado, beneficios, cultura, efetivacao, entrevista, feedback, infraestrutura, integracao, remuneracao, rotina, lideranca, created_at) VALUES ('aval-2', 2, 8, 8, 'RJ', 'Presencial', '2023-01-10', 'Dev Junior', 'Ambiente pesado.', 2000, 2200, false, 1, 2, 1, 1, 1, 2, 1, 2, 1, 2, 1, 1, NOW());
INSERT INTO estudante_avaliacao (uuid, id_estudante, id_empresa, id_setor, estado_atuacao, modelo_trabalho, data_inicio, titulo_cargo, texto_avaliacao, salario_min, salario_max, anonima, ambiente, aprendizado, beneficios, cultura, efetivacao, entrevista, feedback, infraestrutura, integracao, remuneracao, rotina, lideranca, created_at) VALUES ('aval-10', 5, 12, 4, 'SP', 'Híbrido', '2023-01-15', 'Analista Financeiro', 'Salário imbatível.', 7000, 9000, false, 3, 5, 5, 2, 4, 4, 3, 5, 3, 5, 1, 2, NOW());
INSERT INTO estudante_avaliacao (uuid, id_estudante, id_empresa, id_setor, estado_atuacao, modelo_trabalho, data_inicio, titulo_cargo, texto_avaliacao, salario_min, salario_max, anonima, ambiente, aprendizado, beneficios, cultura, efetivacao, entrevista, feedback, infraestrutura, integracao, remuneracao, rotina, lideranca, created_at) VALUES ('aval-11', 6, 14, 8, 'SC', 'Remoto', '2023-03-01', 'UX Designer', 'Melhor cultura.', 4500, 5000, false, 5, 5, 2, 5, 3, 5, 5, 3, 5, 2, 5, 5, NOW());
INSERT INTO estudante_avaliacao (uuid, id_estudante, id_empresa, id_setor, estado_atuacao, modelo_trabalho, data_inicio, titulo_cargo, texto_avaliacao, salario_min, salario_max, anonima, ambiente, aprendizado, beneficios, cultura, efetivacao, entrevista, feedback, infraestrutura, integracao, remuneracao, rotina, lideranca, created_at) VALUES ('aval-12', 7, 15, 8, 'PR', 'Presencial', '2022-12-01', 'Suporte Técnico', 'Pressão sem feedback.', 2500, 2800, false, 2, 2, 2, 2, 2, 3, 1, 2, 2, 3, 1, 1, NOW());
INSERT INTO estudante_avaliacao (uuid, id_estudante, id_empresa, id_setor, estado_atuacao, modelo_trabalho, data_inicio, titulo_cargo, texto_avaliacao, salario_min, salario_max, anonima, ambiente, aprendizado, beneficios, cultura, efetivacao, entrevista, feedback, infraestrutura, integracao, remuneracao, rotina, lideranca, created_at) VALUES ('aval-13', 2, 11, 2, 'SP', 'Híbrido', '2023-04-01', 'Estagiária Tech', 'Ambiente acolhedor.', 2200, 2500, false, 4, 5, 4, 5, 4, 4, 4, 4, 5, 4, 4, 4, NOW());
INSERT INTO estudante_avaliacao (uuid, id_estudante, id_empresa, id_setor, estado_atuacao, modelo_trabalho, data_inicio, titulo_cargo, texto_avaliacao, salario_min, salario_max, anonima, ambiente, aprendizado, beneficios, cultura, efetivacao, entrevista, feedback, infraestrutura, integracao, remuneracao, rotina, lideranca, created_at) VALUES ('aval-16', 1, 16, 4, 'SP', 'Híbrido', '2023-06-01', 'Dev Java Jr', 'Benefícios impecáveis.', 5000, 6500, false, 4, 5, 5, 4, 5, 4, 4, 5, 4, 5, 3, 4, NOW());

-- 6. RELAÇÃO EMPRESA_SETOR
INSERT INTO empresa_setor (id_empresa, id_setor) VALUES (1, 8);
INSERT INTO empresa_setor (id_empresa, id_setor) VALUES (11, 2);
INSERT INTO empresa_setor (id_empresa, id_setor) VALUES (11, 8);
INSERT INTO empresa_setor (id_empresa, id_setor) VALUES (12, 4);
INSERT INTO empresa_setor (id_empresa, id_setor) VALUES (14, 8);
INSERT INTO empresa_setor (id_empresa, id_setor) VALUES (16, 4);
INSERT INTO empresa_setor (id_empresa, id_setor) VALUES (16, 8);